faction	unit	name	variant	unit_card
#unit_variants_tables;5;db/unit_variants_tables/ovn_grudgebringers				
ovn_emp_grudgebringers	wh3_main_ogr_inf_ogres_0	sr_ogre_gru	sr_ogre_gru	sr_ogre
	azguz_bloodfist_dwarf_warriors	azguz_bloodfist_dwarf_warriors	azguz_bloodfist_dwarf_warriors	azguz_bloodfist_dwarf_warriors
	dargrimm_firebeard_dwarf_warriors	dargrimm_firebeard_dwarf_warriors	dargrimm_firebeard_dwarf_warriors	dargrimm_firebeard_dwarf_warriors
	urblab_rotgut_mercenary_ogres	urblab_rotgut_mercenary_ogres	urblab_rotgut_mercenary_ogres	urblab_rotgut_mercenary_ogres
	grudgebringer_cavalry	grudgebringer_cavalry	grudgebringer_cavalry	grudgebringer_cavalry
	grudgebringer_infantry	grudgebringer_infantry	grudgebringer_infantry	grudgebringer_infantry
	ceridan	ceridan	ceridan	ceridan
	ice_mage_vladimir_stormbringer	ice_mage_vladimir_stormbringer	ice_mage_vladimir_stormbringer	ice_mage_vladimir_stormbringer
	morgan_bernhardt	morgan_bernhardt	morgan_bernhardt	morgan_bernhardt
	morgan_bernhardt_mount	morgan_bernhardt_mount	morgan_bernhardt_mount	morgan_bernhardt_mount
	dwarf_envoy	dwarf_envoy	dwarf_envoy	dwarf_envoy
	grudgebringer_cannon	grudgebringer_cannon	grudgebringer_cannon	grudgebringer_cannon
	grudgebringer_crossbow	grudgebringer_crossbow	grudgebringer_crossbow	grudgebringer_crossbow
	elrod_wood_elf_glade_guards	elrod_wood_elf_glade_guards	elrod_wood_elf_glade_guards	elrod_wood_elf_glade_guards
	galed_elf_archers	galed_elf_archers	galed_elf_archers	galed_elf_archers
	helmgart_bowmen	helmgart_bowmen	helmgart_bowmen	helmgart_bowmen
	keelers_longbows	keelers_longbows	keelers_longbows	keelers_longbows
	treeman_knarlroot	treeman_knarlroot	wh_dlc05_wef_treeman	treeman_knarlroot
	black_avangers	black_avangers	black_avangers	black_avangers
	carlsson_cavalry	carlsson_cavalry	carlsson_cavalry	carlsson_cavalry
	carlsson_guard	carlsson_guard	carlsson_guard	carlsson_guard
	vannheim_75th	vannheim_75th	vannheim_75th	vannheim_75th
	treeman_gnarl_fist	treeman_gnarl_fist	wh_dlc05_wef_ancient_treeman	treeman_gnarl_fist
	uter_blomkwist_imperial_mortar	uter_blomkwist_imperial_mortar	uter_blomkwist_imperial_mortar	uter_blomkwist_imperial_mortar
	countess_guard	countess_guard	countess_guard	countess_guard
	dieter_schaeffer_carroburg_greatswords	dieter_schaeffer_carroburg_greatswords	dieter_schaeffer_carroburg_greatswords	dieter_schaeffer_carroburg_greatswords
	jurgen_muntz_outlaw_infantry	jurgen_muntz_outlaw_infantry	jurgen_muntz_outlaw_infantry	jurgen_muntz_outlaw_infantry
	boris_von_raukov_4th_nuln_halberdiers	boris_von_raukov_4th_nuln_halberdiers	boris_von_raukov_4th_nuln_halberdiers	boris_von_raukov_4th_nuln_halberdiers
	stephan_weiss_outlaw_pistoliers	stephan_weiss_outlaw_pistoliers	stephan_weiss_outlaw_pistoliers	stephan_weiss_outlaw_pistoliers
	knights_of_the_realm_bertrand_le_grande	knights_of_the_realm_bertrand_le_grande	knights_of_the_realm_bertrand_le_grande	knights_of_the_realm_bertrand_le_grande
	grail_knights_tristan_de_la_tourtristan_de_la_tour	grail_knights_tristan_de_la_tourtristan_de_la_tour	grail_knights_tristan_de_la_tourtristan_de_la_tour	grail_knights_tristan_de_la_tourtristan_de_la_tour
	ragnar_wolves	ragnar_wolves	ragnar_wolves	ragnar_wolves
	imperial_cannon_darius_flugenheim	imperial_cannon_darius_flugenheim	imperial_cannon_darius_flugenheim	imperial_cannon_darius_flugenheim
	flagellants_eusebio_the_bleak	flagellants_eusebio_the_bleak	flagellants_eusebio_the_bleak	flagellants_eusebio_the_bleak
	black_grail_knights	black_grail_knights	black_grail_knights	black_grail_knights
	gaston_mount	gaston_mount	gaston_mount	gaston_mount
	gaston	gaston	gaston	gaston
	ludwig_uberdorf	ludwig_uberdorf_unit_variants	ludwig_uberdorf_variant_name	ludwig_uberdorf
	ludwig_uberdorf_mount_land_units	ludwig_uberdorf_mount_unit_variants	ludwig_uberdorf_mount_variant_name	ludwig_uberdorf_mount
	ludwig_uberdorf_gyrobomber_land_units	ludwig_uberdorf_gyrobomber_unit_variants	ludwig_uberdorf_gyrobomber_variant_name	ludwig_uberdorf_gyrobomber
	ludwig_uberdorf_steam_tank_land_units	ludwig_uberdorf_steam_tank_unit_variants	ludwig_uberdorf_steam_tank_variant_name	ludwig_uberdorf_steam_tank
	dwarf_envoy_dwarf_warriors	dwarf_envoy_dwarf_warriors	dwarf_envoy_dwarf_warriors	dwarf_envoy_dwarf_warriors
	ovn_grudge_grn_mon_giant_boss	wh_dlc08_grn_mon_giant_boss	wh_dlc08_grn_mon_giant_boss	grn_giant_0
ovn_emp_grudgebringers	wh_main_emp_inf_swordsmen	emp_state_troops_swordsmen_gru	emp_state_troops_swordsmen_gru	grudgebringer_swordsmen
wh2_main_skv_skaven_qb1	wh_main_emp_inf_swordsmen	emp_state_troops_swordsmen_hiln	emp_state_troops_swordsmen_gru	grudgebringer_swordsmen
ovn_emp_grudgebringers_CB	wh_main_emp_inf_swordsmen	emp_state_troops_swordsmen_gru	emp_state_troops_swordsmen_gru	grudgebringer_swordsmen
ovn_emp_grudgebringers_CB	wh3_main_ogr_inf_ogres_0	sr_ogre_gru	sr_ogre_gru	sr_ogre
	matthias	matthias	matthias	matthias
	luther_flamenstrike	luther_flamenstrike	luther_flamenstrike	luther_flamenstrike
	luther_flamenstrike_mount	luther_flamenstrike	luther_flamenstrike_mount	luther_flamenstrike
	grudgebringers_wagon	grudgebringers_wagon	grudgebringers_wagon	grudgebringers_wagon
ovn_emp_grudgebringers	wh_main_emp_inf_halberdiers	wh_main_emp_inf_halberdiers_gru	wh_main_emp_inf_halberdiers_gru	wh_main_emp_halberdiers_gru
ovn_emp_grudgebringers	wh_main_emp_inf_spearmen_0	wh_main_emp_inf_spearmen_0_gru	wh_main_emp_inf_spearmen_0_gru	wh_main_emp_spearmen_gru
ovn_emp_grudgebringers	wh_main_emp_inf_crossbowmen	wh_main_emp_inf_crossbowmen_gru	wh_main_emp_inf_crossbowmen_gru	wh_main_emp_crossbowmen_gru
ovn_emp_grudgebringers	wh2_dlc13_emp_inf_archers_0	wh2_dlc13_emp_inf_archers_0_gru	wh2_dlc13_emp_inf_archers_0_gru	wh2_dlc13_emp_archers_gru
ovn_emp_grudgebringers	wh_main_emp_inf_handgunners	wh_main_emp_inf_handgunners_gru	wh_main_emp_inf_handgunners_gru	wh_main_emp_handgunners_gru
ovn_emp_grudgebringers	wh_main_emp_inf_greatswords	wh_main_emp_inf_greatswords_gru	wh_main_emp_inf_greatswords_gru	wh_main_emp_greatswords_gru
ovn_emp_grudgebringers	wh_main_emp_cav_empire_knights	wh_main_emp_cav_empire_knights_gru	wh_main_emp_cav_empire_knights_gru	wh_main_emp_empire_knights_gru
ovn_emp_grudgebringers	wh_main_emp_cav_pistoliers_1	wh_main_emp_cav_pistoliers_1_gru	wh_main_emp_cav_pistoliers_1_gru	wh_main_emp_pistoliers_brace_pistols_gru
ovn_emp_grudgebringers	wh_dlc04_emp_inf_free_company_militia_0	wh_dlc04_emp_inf_free_company_militia_0_gru	wh_dlc04_emp_inf_free_company_militia_0_gru	wh_dlc04_emp_inf_free_company_militia_0_gru
ovn_emp_grudgebringers_CB	wh_main_emp_inf_halberdiers	wh_main_emp_inf_halberdiers_gru	wh_main_emp_inf_halberdiers_gru	wh_main_emp_halberdiers_gru
ovn_emp_grudgebringers_CB	wh_main_emp_inf_spearmen_0	wh_main_emp_inf_spearmen_0_gru	wh_main_emp_inf_spearmen_0_gru	wh_main_emp_spearmen_gru
ovn_emp_grudgebringers_CB	wh_main_emp_inf_crossbowmen	wh_main_emp_inf_crossbowmen_gru	wh_main_emp_inf_crossbowmen_gru	wh_main_emp_crossbowmen_gru
ovn_emp_grudgebringers_CB	wh2_dlc13_emp_inf_archers_0	wh2_dlc13_emp_inf_archers_0_gru	wh2_dlc13_emp_inf_archers_0_gru	wh2_dlc13_emp_archers_gru
ovn_emp_grudgebringers_CB	wh_main_emp_inf_handgunners	wh_main_emp_inf_handgunners_gru	wh_main_emp_inf_handgunners_gru	wh_main_emp_handgunners_gru
ovn_emp_grudgebringers_CB	wh_main_emp_inf_greatswords	wh_main_emp_inf_greatswords_gru	wh_main_emp_inf_greatswords_gru	wh_main_emp_greatswords_gru
ovn_emp_grudgebringers_CB	wh_main_emp_cav_empire_knights	wh_main_emp_cav_empire_knights_gru	wh_main_emp_cav_empire_knights_gru	wh_main_emp_empire_knights_gru
ovn_emp_grudgebringers_CB	wh_main_emp_cav_pistoliers_1	wh_main_emp_cav_pistoliers_1_gru	wh_main_emp_cav_pistoliers_1_gru	wh_main_emp_pistoliers_brace_pistols_gru
ovn_emp_grudgebringers_CB	wh_dlc04_emp_inf_free_company_militia_0	wh_dlc04_emp_inf_free_company_militia_0_gru	wh_dlc04_emp_inf_free_company_militia_0_gru	wh_dlc04_emp_inf_free_company_militia_0_gru
ovn_emp_grudgebringers	wh_main_emp_art_great_cannon	wh_main_emp_art_great_cannon_crew_gru	wh_emp_artillery_crew_gru	wh_main_emp_cannon
ovn_emp_grudgebringers_CB	wh_main_emp_art_great_cannon	wh_main_emp_art_great_cannon_crew_gru	wh_emp_artillery_crew_gru	wh_main_emp_cannon
ovn_emp_grudgebringers	wh_main_emp_art_mortar	wh_main_emp_art_mortar_crew_gru	wh_emp_artillery_crew_gru	wh_main_emp_mortar
ovn_emp_grudgebringers_CB	wh_main_emp_art_mortar	wh_main_emp_art_mortar_crew_gru	wh_emp_artillery_crew_gru	wh_main_emp_mortar
ovn_emp_grudgebringers_CB	wh3_main_ogr_inf_maneaters_0	wh3_main_ogr_gru_inf_maneaters_0	sr_ogre_gru_maneaters_00	wh3_main_ogr_inf_maneaters_0
ovn_emp_grudgebringers	wh3_main_ogr_inf_maneaters_0	wh3_main_ogr_gru_inf_maneaters_0	sr_ogre_gru_maneaters_00	wh3_main_ogr_inf_maneaters_0
ovn_emp_grudgebringers_CB	wh3_main_ogr_inf_maneaters_1	wh3_main_ogr_gru_inf_maneaters_1	sr_ogre_gru_maneaters_01	wh3_main_ogr_inf_maneaters_1
ovn_emp_grudgebringers	wh3_main_ogr_inf_maneaters_1	wh3_main_ogr_gru_inf_maneaters_1	sr_ogre_gru_maneaters_01	wh3_main_ogr_inf_maneaters_1
ovn_emp_grudgebringers_CB	wh3_main_ogr_inf_maneaters_2	wh3_main_ogr_gru_inf_maneaters_2	sr_ogre_gru_maneaters_02	wh3_main_ogr_inf_maneaters_2
ovn_emp_grudgebringers	wh3_main_ogr_inf_maneaters_2	wh3_main_ogr_gru_inf_maneaters_2	sr_ogre_gru_maneaters_02	wh3_main_ogr_inf_maneaters_2
ovn_emp_grudgebringers_CB	wh3_main_ogr_inf_maneaters_3	wh3_main_ogr_gru_inf_maneaters_3	sr_ogre_gru_maneaters_03	wh3_main_ogr_inf_maneaters_3
ovn_emp_grudgebringers	wh3_main_ogr_inf_maneaters_3	wh3_main_ogr_gru_inf_maneaters_3	sr_ogre_gru_maneaters_03	wh3_main_ogr_inf_maneaters_3
ovn_emp_grudgebringers_CB	wh_main_dwf_inf_dwarf_warrior_0	wh_main_dwf_inf_dwarf_warrior_gru	wh_main_dwf_inf_dwarf_warrior_0_gru	wh_main_dwf_warriors
ovn_emp_grudgebringers	wh_main_dwf_inf_dwarf_warrior_0	wh_main_dwf_inf_dwarf_warrior_gru	wh_main_dwf_inf_dwarf_warrior_0_gru	wh_main_dwf_warriors
ovn_emp_grudgebringers_CB	wh_main_dwf_inf_dwarf_warrior_1	wh_main_dwf_inf_dwarf_warrior_gru	wh_main_dwf_inf_dwarf_warrior_1_gru	wh_main_dwf_warriors_great_weapons
ovn_emp_grudgebringers	wh_main_dwf_inf_dwarf_warrior_1	wh_main_dwf_inf_dwarf_warrior_gru	wh_main_dwf_inf_dwarf_warrior_1_gru	wh_main_dwf_warriors_great_weapons
